category,amount
<10,0.007782101167315175
10-50,0.19844357976653695
50-100,0.2466327446872194
100-500,0.5040407063753367
500-1000,0.03591739000299311
>1000,0.007183478000598623
