category,amount
<10,0.031278310208363136
10-50,0.42096981833786296
50-100,0.2701091880036237
100-500,0.2699184665999142
500-1000,0.007199732990034806
>1000,0.0005244838602012111
