category,amount
<10,0.01183206106870229
10-50,0.31564885496183204
50-100,0.29770992366412213
100-500,0.35877862595419846
500-1000,0.014885496183206106
>1000,0.0011450381679389313
