category,amount
<10,0.02542851761160294
10-50,0.41589753249199474
50-100,0.2957071182725732
100-500,0.2568080503661592
500-1000,0.005199860728208817
>1000,0.0009589205294611209
